<addon id="plugin.video.watchsuntv" name="watchsuntv" provider-name="watchsuntv" version="4.1.0">
  <requires>
    <import addon="xbmc.python" version="2.1.0" />
  </requires>
  <extension library="watchsuntv.py" point="xbmc.python.pluginsource">
    <provides>video</provides>
  </extension>
  <extension point="xbmc.addon.metadata">
    <platform>all</platform>
    <language />
    <summary>watchsuntv Video Addon</summary>
    <description>Live Streaming / VOD</description>
    <disclaimer />
  </extension>
</addon>